<?xml version="1.0" encoding="UTF-8"?>
<PeakList>
  <PeakList1D>
    <PeakList1DHeader creator="nmr" date="2022-02-28T12:47:21.458+00:00" expNo="10" name="2202281243-1-3-jdm31" owner="" procNo="1" source="D:/data-auto/data/tl/nmr">
      <PeakPickDetails>F1=13.017210ppm, F2=-1.017208ppm, MI=0.10cm, MAXI=10000.00cm, PC=1.000
      </PeakPickDetails>
    </PeakList1DHeader>
    <Peak1D F1="8.275696" intensity="1.192888e+000" type="0"/>
    <Peak1D F1="8.251473" intensity="1.208203e+000" type="0"/>
    <Peak1D F1="8.069958" intensity="1.033427e-001" type="0"/>
    <Peak1D F1="8.030550" intensity="1.307744e+000" type="0"/>
    <Peak1D F1="8.012402" intensity="1.310543e+000" type="0"/>
    <Peak1D F1="7.632329" intensity="1.364335e+000" type="0"/>
    <Peak1D F1="7.612885" intensity="1.388209e+000" type="0"/>
    <Peak1D F1="7.467858" intensity="1.385829e+000" type="0"/>
    <Peak1D F1="7.446190" intensity="1.402825e+000" type="0"/>
    <Peak1D F1="7.346960" intensity="1.845879e-001" type="0"/>
    <Peak1D F1="7.248569" intensity="1.393754e-001" type="0"/>
    <Peak1D F1="7.151593" intensity="2.992028e+001" type="0"/>
    <Peak1D F1="7.090421" intensity="1.102473e-001" type="0"/>
    <Peak1D F1="6.951569" intensity="1.836330e-001" type="0"/>
    <Peak1D F1="5.874778" intensity="6.947480e-001" type="0"/>
    <Peak1D F1="5.866717" intensity="7.386096e-001" type="0"/>
    <Peak1D F1="5.848528" intensity="7.913679e-001" type="0"/>
    <Peak1D F1="5.839249" intensity="6.749845e-001" type="0"/>
    <Peak1D F1="5.718477" intensity="1.604672e+000" type="0"/>
    <Peak1D F1="5.699658" intensity="1.639476e+000" type="0"/>
    <Peak1D F1="5.676631" intensity="2.876931e-001" type="0"/>
    <Peak1D F1="5.662715" intensity="3.819007e-001" type="0"/>
    <Peak1D F1="5.642408" intensity="5.257949e-001" type="0"/>
    <Peak1D F1="5.624683" intensity="6.477020e-001" type="0"/>
    <Peak1D F1="5.601265" intensity="9.624853e-001" type="0"/>
    <Peak1D F1="5.590887" intensity="9.048448e-001" type="0"/>
    <Peak1D F1="5.571857" intensity="9.577830e-001" type="0"/>
    <Peak1D F1="5.562153" intensity="1.062403e+000" type="0"/>
    <Peak1D F1="5.549865" intensity="8.894997e-001" type="0"/>
    <Peak1D F1="5.534101" intensity="8.203282e-001" type="0"/>
    <Peak1D F1="5.511993" intensity="5.201068e-001" type="0"/>
    <Peak1D F1="5.496512" intensity="4.735658e-001" type="0"/>
    <Peak1D F1="5.480081" intensity="2.579755e-001" type="0"/>
    <Peak1D F1="5.452655" intensity="1.337353e-001" type="0"/>
    <Peak1D F1="5.405873" intensity="8.138911e-001" type="0"/>
    <Peak1D F1="5.392258" intensity="9.351469e-001" type="0"/>
    <Peak1D F1="5.379996" intensity="9.344462e-001" type="0"/>
    <Peak1D F1="5.366239" intensity="9.003786e-001" type="0"/>
    <Peak1D F1="5.356755" intensity="7.532433e-001" type="0"/>
    <Peak1D F1="5.342856" intensity="8.733516e-001" type="0"/>
    <Peak1D F1="5.335473" intensity="8.466953e-001" type="0"/>
    <Peak1D F1="5.321776" intensity="6.829540e-001" type="0"/>
    <Peak1D F1="5.258153" intensity="1.942844e+000" type="0"/>
    <Peak1D F1="5.230543" intensity="1.981963e+000" type="0"/>
    <Peak1D F1="5.139958" intensity="5.011809e-001" type="0"/>
    <Peak1D F1="5.121434" intensity="1.044087e+000" type="0"/>
    <Peak1D F1="5.116362" intensity="6.902981e-001" type="0"/>
    <Peak1D F1="5.102434" intensity="6.314422e-001" type="0"/>
    <Peak1D F1="5.097398" intensity="9.702959e-001" type="0"/>
    <Peak1D F1="5.078968" intensity="4.087305e-001" type="0"/>
    <Peak1D F1="4.900442" intensity="9.086657e-001" type="0"/>
    <Peak1D F1="4.877985" intensity="1.321970e+000" type="0"/>
    <Peak1D F1="4.853989" intensity="1.067207e+000" type="0"/>
    <Peak1D F1="4.840018" intensity="1.113247e+000" type="0"/>
    <Peak1D F1="4.823041" intensity="1.947969e+000" type="0"/>
    <Peak1D F1="4.805407" intensity="2.035944e+000" type="0"/>
    <Peak1D F1="4.787494" intensity="1.126772e+000" type="0"/>
    <Peak1D F1="4.770067" intensity="2.336142e-001" type="0"/>
    <Peak1D F1="4.210766" intensity="6.011059e-001" type="0"/>
    <Peak1D F1="4.195735" intensity="8.265595e-001" type="0"/>
    <Peak1D F1="4.179699" intensity="5.667023e-001" type="0"/>
    <Peak1D F1="4.011268" intensity="1.658859e+000" type="0"/>
    <Peak1D F1="3.976565" intensity="1.738187e+000" type="0"/>
    <Peak1D F1="3.713530" intensity="1.185192e+001" type="0"/>
    <Peak1D F1="3.536630" intensity="4.076496e-001" type="0"/>
    <Peak1D F1="3.455483" intensity="4.971638e-001" type="0"/>
    <Peak1D F1="3.385129" intensity="1.004943e-001" type="0"/>
    <Peak1D F1="3.358699" intensity="1.995564e-001" type="0"/>
    <Peak1D F1="3.331979" intensity="1.044447e-001" type="0"/>
    <Peak1D F1="3.277601" intensity="1.648194e-001" type="0"/>
    <Peak1D F1="3.269355" intensity="1.803562e-001" type="0"/>
    <Peak1D F1="3.213228" intensity="1.301756e+001" type="0"/>
    <Peak1D F1="3.172157" intensity="1.136058e-001" type="0"/>
    <Peak1D F1="3.143346" intensity="1.507507e-001" type="0"/>
    <Peak1D F1="3.103308" intensity="3.423254e-001" type="0"/>
    <Peak1D F1="3.087674" intensity="7.183374e-001" type="0"/>
    <Peak1D F1="3.059175" intensity="1.443963e+001" type="0"/>
    <Peak1D F1="3.044400" intensity="4.138012e-001" type="0"/>
    <Peak1D F1="3.037244" intensity="3.591155e-001" type="0"/>
    <Peak1D F1="3.026277" intensity="2.450427e-001" type="0"/>
    <Peak1D F1="3.015391" intensity="3.044573e-001" type="0"/>
    <Peak1D F1="2.992313" intensity="9.522570e-001" type="0"/>
    <Peak1D F1="2.971345" intensity="1.304775e+001" type="0"/>
    <Peak1D F1="2.956439" intensity="5.711645e-001" type="0"/>
    <Peak1D F1="2.939067" intensity="1.029039e+000" type="0"/>
    <Peak1D F1="2.919578" intensity="1.353211e+001" type="0"/>
    <Peak1D F1="2.905246" intensity="4.681204e-001" type="0"/>
    <Peak1D F1="2.882322" intensity="8.756263e-001" type="0"/>
    <Peak1D F1="2.869365" intensity="8.511516e-001" type="0"/>
    <Peak1D F1="2.843826" intensity="1.479440e+001" type="0"/>
    <Peak1D F1="2.822960" intensity="2.998136e-001" type="0"/>
    <Peak1D F1="2.795111" intensity="1.655020e-001" type="0"/>
    <Peak1D F1="2.787038" intensity="2.588752e-001" type="0"/>
    <Peak1D F1="2.762594" intensity="1.056863e-001" type="0"/>
    <Peak1D F1="2.740345" intensity="2.172479e-001" type="0"/>
    <Peak1D F1="2.727972" intensity="6.732551e-001" type="0"/>
    <Peak1D F1="2.710416" intensity="3.133762e-001" type="0"/>
    <Peak1D F1="2.668834" intensity="6.081557e-001" type="0"/>
    <Peak1D F1="2.649027" intensity="7.239907e-001" type="0"/>
    <Peak1D F1="2.641708" intensity="7.189922e-001" type="0"/>
    <Peak1D F1="2.633079" intensity="7.734848e-001" type="0"/>
    <Peak1D F1="2.615750" intensity="7.332271e-001" type="0"/>
    <Peak1D F1="2.607880" intensity="6.590073e-001" type="0"/>
    <Peak1D F1="2.598855" intensity="7.153895e-001" type="0"/>
    <Peak1D F1="2.590948" intensity="8.498338e-001" type="0"/>
    <Peak1D F1="2.569746" intensity="1.324796e+001" type="0"/>
    <Peak1D F1="2.519149" intensity="1.279251e-001" type="0"/>
    <Peak1D F1="2.483735" intensity="1.316713e-001" type="0"/>
    <Peak1D F1="2.463025" intensity="1.715248e-001" type="0"/>
    <Peak1D F1="2.448736" intensity="4.530583e-001" type="0"/>
    <Peak1D F1="2.436078" intensity="5.496091e-001" type="0"/>
    <Peak1D F1="2.427478" intensity="5.073517e-001" type="0"/>
    <Peak1D F1="2.414361" intensity="8.330550e-001" type="0"/>
    <Peak1D F1="2.401253" intensity="5.412216e-001" type="0"/>
    <Peak1D F1="2.393817" intensity="5.184401e-001" type="0"/>
    <Peak1D F1="2.380126" intensity="4.414013e-001" type="0"/>
    <Peak1D F1="2.299304" intensity="9.617779e-001" type="0"/>
    <Peak1D F1="2.288522" intensity="1.141649e+000" type="0"/>
    <Peak1D F1="2.282585" intensity="8.107701e-001" type="0"/>
    <Peak1D F1="2.272766" intensity="1.262016e+000" type="0"/>
    <Peak1D F1="2.262366" intensity="1.934723e+000" type="0"/>
    <Peak1D F1="2.255253" intensity="1.377508e+000" type="0"/>
    <Peak1D F1="2.236180" intensity="1.281397e+000" type="0"/>
    <Peak1D F1="2.229667" intensity="1.072816e+000" type="0"/>
    <Peak1D F1="2.225850" intensity="1.077384e+000" type="0"/>
    <Peak1D F1="2.205129" intensity="2.375425e+000" type="0"/>
    <Peak1D F1="2.177045" intensity="1.575520e+000" type="0"/>
    <Peak1D F1="2.170646" intensity="2.177394e+000" type="0"/>
    <Peak1D F1="2.154939" intensity="1.261716e+000" type="0"/>
    <Peak1D F1="2.134697" intensity="9.840066e-001" type="0"/>
    <Peak1D F1="2.122774" intensity="1.075233e+000" type="0"/>
    <Peak1D F1="2.102315" intensity="1.044776e+000" type="0"/>
    <Peak1D F1="2.090615" intensity="6.865637e-001" type="0"/>
    <Peak1D F1="2.084527" intensity="6.780972e-001" type="0"/>
    <Peak1D F1="2.075552" intensity="6.844641e-001" type="0"/>
    <Peak1D F1="2.069089" intensity="6.965636e-001" type="0"/>
    <Peak1D F1="2.060471" intensity="6.091964e-001" type="0"/>
    <Peak1D F1="2.053332" intensity="5.865993e-001" type="0"/>
    <Peak1D F1="1.932037" intensity="1.008603e-001" type="0"/>
    <Peak1D F1="1.913293" intensity="1.033519e-001" type="0"/>
    <Peak1D F1="1.889146" intensity="1.107682e-001" type="0"/>
    <Peak1D F1="1.812025" intensity="7.439697e-001" type="0"/>
    <Peak1D F1="1.793120" intensity="1.893790e+000" type="0"/>
    <Peak1D F1="1.774566" intensity="2.715300e+000" type="0"/>
    <Peak1D F1="1.749820" intensity="4.320240e+000" type="0"/>
    <Peak1D F1="1.734381" intensity="4.102099e+000" type="0"/>
    <Peak1D F1="1.719145" intensity="8.053253e-001" type="0"/>
    <Peak1D F1="1.679049" intensity="5.738496e+000" type="0"/>
    <Peak1D F1="1.660999" intensity="5.646480e+000" type="0"/>
    <Peak1D F1="1.596502" intensity="6.190672e-001" type="0"/>
    <Peak1D F1="1.587207" intensity="6.737825e-001" type="0"/>
    <Peak1D F1="1.567672" intensity="7.392597e-001" type="0"/>
    <Peak1D F1="1.558645" intensity="1.016865e+000" type="0"/>
    <Peak1D F1="1.550322" intensity="9.680261e-001" type="0"/>
    <Peak1D F1="1.543556" intensity="1.128504e+001" type="0"/>
    <Peak1D F1="1.535641" intensity="3.813421e-001" type="0"/>
    <Peak1D F1="1.530299" intensity="5.414969e-001" type="0"/>
    <Peak1D F1="1.521312" intensity="5.406803e-001" type="0"/>
    <Peak1D F1="1.499480" intensity="2.105187e-001" type="0"/>
    <Peak1D F1="1.476717" intensity="5.665221e-001" type="0"/>
    <Peak1D F1="1.462937" intensity="6.539759e-001" type="0"/>
    <Peak1D F1="1.452950" intensity="6.673757e-001" type="0"/>
    <Peak1D F1="1.443845" intensity="8.195782e-001" type="0"/>
    <Peak1D F1="1.439858" intensity="8.126004e-001" type="0"/>
    <Peak1D F1="1.430425" intensity="7.696584e-001" type="0"/>
    <Peak1D F1="1.420516" intensity="8.085253e-001" type="0"/>
    <Peak1D F1="1.407248" intensity="8.764789e-001" type="0"/>
    <Peak1D F1="1.401613" intensity="8.038893e-001" type="0"/>
    <Peak1D F1="1.394503" intensity="8.473328e-001" type="0"/>
    <Peak1D F1="1.384601" intensity="1.098329e+000" type="0"/>
    <Peak1D F1="1.368097" intensity="1.469579e+000" type="0"/>
    <Peak1D F1="1.351252" intensity="2.022065e+000" type="0"/>
    <Peak1D F1="1.343747" intensity="2.035090e+000" type="0"/>
    <Peak1D F1="1.316205" intensity="1.142184e+000" type="0"/>
    <Peak1D F1="1.301481" intensity="1.116260e+000" type="0"/>
    <Peak1D F1="1.297848" intensity="1.096141e+000" type="0"/>
    <Peak1D F1="1.282258" intensity="1.256329e+000" type="0"/>
    <Peak1D F1="1.262373" intensity="1.616525e+000" type="0"/>
    <Peak1D F1="1.251018" intensity="1.679755e+000" type="0"/>
    <Peak1D F1="1.238455" intensity="1.625943e+000" type="0"/>
    <Peak1D F1="1.229746" intensity="1.587435e+000" type="0"/>
    <Peak1D F1="1.204277" intensity="8.743167e-001" type="0"/>
    <Peak1D F1="1.168895" intensity="6.554131e+000" type="0"/>
    <Peak1D F1="1.159003" intensity="7.839803e+000" type="0"/>
    <Peak1D F1="1.152337" intensity="8.314620e+000" type="0"/>
    <Peak1D F1="1.143702" intensity="1.500000e+001" type="0"/>
    <Peak1D F1="1.128303" intensity="1.061952e+001" type="0"/>
    <Peak1D F1="1.123853" intensity="8.361339e+000" type="0"/>
    <Peak1D F1="1.105571" intensity="1.017592e+000" type="0"/>
    <Peak1D F1="1.081415" intensity="8.367339e-001" type="0"/>
    <Peak1D F1="1.056899" intensity="6.360827e+000" type="0"/>
    <Peak1D F1="1.040260" intensity="7.486886e+000" type="0"/>
    <Peak1D F1="1.036524" intensity="7.321825e+000" type="0"/>
    <Peak1D F1="1.019132" intensity="6.195179e+000" type="0"/>
    <Peak1D F1="0.984186" intensity="6.588798e+000" type="0"/>
    <Peak1D F1="0.967913" intensity="6.325362e+000" type="0"/>
    <Peak1D F1="0.952399" intensity="5.091164e+000" type="0"/>
    <Peak1D F1="0.935792" intensity="5.035128e+000" type="0"/>
    <Peak1D F1="0.913495" intensity="6.680021e+000" type="0"/>
    <Peak1D F1="0.900720" intensity="1.157216e+001" type="0"/>
    <Peak1D F1="0.896897" intensity="9.278936e+000" type="0"/>
    <Peak1D F1="0.884005" intensity="8.696615e+000" type="0"/>
    <Peak1D F1="0.862746" intensity="6.709356e+000" type="0"/>
    <Peak1D F1="0.844180" intensity="3.045546e+000" type="0"/>
    <Peak1D F1="0.829679" intensity="4.946125e+000" type="0"/>
    <Peak1D F1="0.814709" intensity="4.302247e+000" type="0"/>
    <Peak1D F1="0.788302" intensity="4.531935e-001" type="0"/>
    <Peak1D F1="0.754800" intensity="1.427997e-001" type="0"/>
    <Peak1D F1="0.742830" intensity="1.652677e-001" type="0"/>
    <Peak1D F1="0.726023" intensity="1.425279e-001" type="0"/>
    <Peak1D F1="0.703726" intensity="1.403372e-001" type="0"/>
    <Peak1D F1="0.643493" intensity="5.424816e+000" type="0"/>
    <Peak1D F1="0.627260" intensity="5.191482e+000" type="0"/>
  </PeakList1D>
</PeakList>
